TPR_ID,TPR_CD,TPR_DESC,TPR_PRIME_TABLE,TPR_PRIME_CATEGORY,TPR_PRIME_PORTFOLIO,TPR_FIRST_CD,TPR_ORDER,UPDATE_DT,RW_UID,PROCESS_UID
15,STANDARD,Standard,,,,STANDARD,15,2022-03-10 16:54:09.356,0c371ffd-4e3d-4a63-bcda-1ea14830fc7e,993c4151-997c-4f4c-bfdb-ea65872d4db3
14,IS ACTIVITIES-APPLICATION,IS activities application,,,,ZZZISPROJECT,14,2022-03-10 16:54:09.356,11914cff-c507-4965-9e79-842bd4ecbb59,993c4151-997c-4f4c-bfdb-ea65872d4db3
13,IS ACTIVITIES-PROJECT,IS activities project,,,,ZZZISAPPLICATION,13,2022-03-10 16:54:09.356,c07ffc77-e3d9-4ec4-a28a-cf04cbdc9448,993c4151-997c-4f4c-bfdb-ea65872d4db3
19,TEMPLATE,Template,TEMPLATE,,,,19,2022-03-10 16:54:09.356,0b2f3226-2db9-4e18-b09c-2e33f434de44,993c4151-997c-4f4c-bfdb-ea65872d4db3
1,PRODUCT,Development,DEV_PROJECT,,,PRODUCT,1,2022-03-10 16:54:09.356,f6a232d9-19f1-4aa5-a020-509814258177,993c4151-997c-4f4c-bfdb-ea65872d4db3
10,PRODUCT,Development,OTHER_PROJECT,NotPlanned,D,PRODUCT,10,2022-03-10 16:54:09.356,3b482f90-c28f-4132-bd5e-57f7caae23e7,993c4151-997c-4f4c-bfdb-ea65872d4db3
7,PRODUCT,Development,OTHER_PROJECT,Multi-Project,D,PRODUCT,7,2022-03-10 16:54:09.356,a2ac0bee-b682-4e8c-afb8-6d3fe709110a,993c4151-997c-4f4c-bfdb-ea65872d4db3
5,SUPPORT,Support,OTHER_PROJECT,Support,,SUPPORT,5,2022-03-10 16:54:09.356,afebe5d1-5cb0-4324-b306-b2e3cc3890f6,993c4151-997c-4f4c-bfdb-ea65872d4db3
20,SUPPORTS,Supports,OTHER_PROJECT,Supports,,SUPPORT,5,2022-08-08 13:05:08.577,9fa69631-af12-4d27-b466-752c19de64fe,993c4151-997c-4f4c-bfdb-ea65872d4db3
6,RESEARCH PROGRAM,Research,OTHER_PROJECT,Multi-Project,R,RESEARCH PROGRAM,6,2022-03-10 16:54:09.356,7d7c2a3d-3a67-40da-ae5d-2cd3ae565e05,993c4151-997c-4f4c-bfdb-ea65872d4db3
9,RESEARCH PROGRAM,Research,OTHER_PROJECT,NotPlanned,R,RESEARCH PROGRAM,9,2022-03-10 16:54:09.356,5bf150c5-793b-40f8-bd0f-2ac544dc4298,993c4151-997c-4f4c-bfdb-ea65872d4db3
4,EXTERNAL CUSTOMERS,External customers,OTHER_PROJECT,External,,EXTERNAL CUSTOMERS,4,2022-03-10 16:54:09.356,b014a459-d8e2-446b-be74-433ea573c20c,993c4151-997c-4f4c-bfdb-ea65872d4db3
3,INTERNAL CUSTOMERS,Internal customers,OTHER_PROJECT,Internal,,INTERNAL CUSTOMERS,3,2022-03-10 16:54:09.356,210a35f4-fb2f-4002-af39-716dee40ffb9,993c4151-997c-4f4c-bfdb-ea65872d4db3
11,OTHER SPECIFIC ACTIVITIES,Other specific activities,OTHER_PROJECT,NotPlanned,O,OTHER SPECIFIC ACTIVITIES,11,2022-03-10 16:54:09.356,dbbbd920-ad64-4815-912c-ace19856beba,993c4151-997c-4f4c-bfdb-ea65872d4db3
8,OTHER SPECIFIC ACTIVITIES,Other specific activities,OTHER_PROJECT,Multi-Project,O,OTHER SPECIFIC ACTIVITIES,8,2022-03-10 16:54:09.356,a0bc5ad4-f0f8-4afb-a4a6-0c567507346a,993c4151-997c-4f4c-bfdb-ea65872d4db3
12,OTHER SPECIFIC ACTIVITIES,Other specific activities,OTHER_PROJECT,Other,,OTHER SPECIFIC ACTIVITIES,12,2022-03-10 16:54:09.356,dc7078ea-bc3d-4071-9aa8-11b87b0c1ddf,993c4151-997c-4f4c-bfdb-ea65872d4db3
17,DEV VACCIN,Dev projects,VACCINE_PROJECT,D,,,17,2022-03-10 16:54:09.356,b50e0a66-eb96-44bd-bc0d-cb2ec9d7eda1,993c4151-997c-4f4c-bfdb-ea65872d4db3
18,OTHERS VACCIN,Others,VACCINE_PROJECT,O,,,18,2022-03-10 16:54:09.356,c19359f2-c996-4132-af07-d822db52af3b,993c4151-997c-4f4c-bfdb-ea65872d4db3
16,PREDEV VACCIN,Pre Dev projects,VACCINE_PROJECT,R,,,16,2022-03-10 16:54:09.356,ab7c1dbf-6391-404a-84c7-764f69f1a239,993c4151-997c-4f4c-bfdb-ea65872d4db3
2,RESEARCH PROGRAM,Research,RESEARCH_PROJECT,,,RESEARCH PROGRAM,2,2022-03-10 16:54:09.356,14f5a76e-d5b9-4c5b-8ecf-f83f262dc50a,993c4151-997c-4f4c-bfdb-ea65872d4db3
21,DEVELOPMENT,Development,DEV_PROJECT,Development,D,,21,2024-11-25 00:03:30.502,5bb9c19c-1f25-48be-a1cb-c1e95a0dac5d,993c4151-997c-4f4c-bfdb-ea65872d4db2
22,RESEARCH PROGRAM,Prospective,RESEARCH_PROJECT,Prospective,R,,22,2024-11-25 00:03:31.359,5bb9c19c-1f25-48be-a1cb-c1e95a0dac5d,993c4151-997c-4f4c-bfdb-ea65872d4db2
23,RESEARCH PROGRAM,Research,RESEARCH_PROJECT,Research,R,,23,2024-11-25 00:03:32.048,5bb9c19c-1f25-48be-a1cb-c1e95a0dac5d,993c4151-997c-4f4c-bfdb-ea65872d4db2
24,INTERNAL CUSTOMERS,Internal customers,OTHER_PROJECT,Internal Customer,O,,24,2024-11-25 00:03:32.764,5bb9c19c-1f25-48be-a1cb-c1e95a0dac5d,993c4151-997c-4f4c-bfdb-ea65872d4db2
25,EXTERNAL CUSTOMERS,External customers,OTHER_PROJECT,External Customer,O,,25,2024-11-25 00:03:33.328,5bb9c19c-1f25-48be-a1cb-c1e95a0dac5d,993c4151-997c-4f4c-bfdb-ea65872d4db2
26,INTERNAL CUSTOMERS,Internal customers,OTHER_PROJECT,Internal Customer,D,,26,2024-11-25 00:03:33.885,5bb9c19c-1f25-48be-a1cb-c1e95a0dac5d,993c4151-997c-4f4c-bfdb-ea65872d4db2
27,EXTERNAL CUSTOMERS,External customers,OTHER_PROJECT,External Customer,D,,27,2024-11-25 00:03:34.409,5bb9c19c-1f25-48be-a1cb-c1e95a0dac5d,993c4151-997c-4f4c-bfdb-ea65872d4db2
28,RESEARCH PROGRAM,Research,OTHER_PROJECT,Multi-Project Research,R,,28,2024-11-25 00:03:34.958,5bb9c19c-1f25-48be-a1cb-c1e95a0dac5d,993c4151-997c-4f4c-bfdb-ea65872d4db2
29,PRODUCT,Development,OTHER_PROJECT,Multi-Project Development,D,,29,2024-11-25 00:03:35.531,5bb9c19c-1f25-48be-a1cb-c1e95a0dac5d,993c4151-997c-4f4c-bfdb-ea65872d4db2
30,OTHER SPECIFIC ACTIVITIES,Other specific activities,OTHER_PROJECT,Multi-Project Other Specific Activities,O,,30,2024-11-25 00:03:36.109,5bb9c19c-1f25-48be-a1cb-c1e95a0dac5d,993c4151-997c-4f4c-bfdb-ea65872d4db2
31,RESEARCH PROGRAM,Research,OTHER_PROJECT,Other Research Activities,R,,31,2024-11-25 00:03:36.650,5bb9c19c-1f25-48be-a1cb-c1e95a0dac5d,993c4151-997c-4f4c-bfdb-ea65872d4db2
32,PRODUCT,Development,OTHER_PROJECT,Other Development Activities,D,,32,2024-11-25 00:03:37.306,5bb9c19c-1f25-48be-a1cb-c1e95a0dac5d,993c4151-997c-4f4c-bfdb-ea65872d4db2
33,SUPPORTS,Supports,OTHER_PROJECT,Other Support Activities,O,,33,2024-11-25 00:03:37.925,5bb9c19c-1f25-48be-a1cb-c1e95a0dac5d,993c4151-997c-4f4c-bfdb-ea65872d4db2
34,OTHER SPECIFIC ACTIVITIES,Other specific activities,OTHER_PROJECT,Not Planned,O,,34,2024-11-25 00:03:38.488,5bb9c19c-1f25-48be-a1cb-c1e95a0dac5d,993c4151-997c-4f4c-bfdb-ea65872d4db2
35,OTHER SPECIFIC ACTIVITIES,Other specific activities,OTHER_PROJECT,Not Planned,D,,35,2024-11-25 00:03:39.125,5bb9c19c-1f25-48be-a1cb-c1e95a0dac5d,993c4151-997c-4f4c-bfdb-ea65872d4db2
36,OTHER SPECIFIC ACTIVITIES,Other specific activities,OTHER_PROJECT,Not Planned,R,,36,2024-11-25 00:03:39.664,5bb9c19c-1f25-48be-a1cb-c1e95a0dac5d,993c4151-997c-4f4c-bfdb-ea65872d4db2
37,NV Prospective,NV Prospective,VACCINE_PROJECT,NV Prospective,R,,37,2024-11-25 00:03:40.458,5bb9c19c-1f25-48be-a1cb-c1e95a0dac5d,993c4151-997c-4f4c-bfdb-ea65872d4db2
38,NV Research,NV Research,VACCINE_PROJECT,NV Research,R,,38,2024-11-25 00:03:41.094,5bb9c19c-1f25-48be-a1cb-c1e95a0dac5d,993c4151-997c-4f4c-bfdb-ea65872d4db2
39,NV Development,NV Development,VACCINE_PROJECT,NV Development,D,,39,2024-11-25 00:03:41.621,5bb9c19c-1f25-48be-a1cb-c1e95a0dac5d,993c4151-997c-4f4c-bfdb-ea65872d4db2
40,DIG,DIG,VACCINE_PROJECT,DIG,D,,40,2024-11-25 00:03:42.374,5bb9c19c-1f25-48be-a1cb-c1e95a0dac5d,993c4151-997c-4f4c-bfdb-ea65872d4db2
41,DIG,DIG,VACCINE_PROJECT,DIG,O,,41,2024-11-25 00:03:42.908,5bb9c19c-1f25-48be-a1cb-c1e95a0dac5d,993c4151-997c-4f4c-bfdb-ea65872d4db2
42,DIG,DIG,VACCINE_PROJECT,DIG,R,,42,2024-11-25 00:03:43.491,5bb9c19c-1f25-48be-a1cb-c1e95a0dac5d,993c4151-997c-4f4c-bfdb-ea65872d4db2
43,TP,TP,VACCINE_PROJECT,TP,D,,43,2024-11-25 00:03:44.070,5bb9c19c-1f25-48be-a1cb-c1e95a0dac5d,993c4151-997c-4f4c-bfdb-ea65872d4db2
44,TP,TP,VACCINE_PROJECT,TP,O,,44,2024-11-25 00:03:44.726,5bb9c19c-1f25-48be-a1cb-c1e95a0dac5d,993c4151-997c-4f4c-bfdb-ea65872d4db2
45,TP,TP,VACCINE_PROJECT,TP,R,,45,2024-11-25 00:03:45.435,5bb9c19c-1f25-48be-a1cb-c1e95a0dac5d,993c4151-997c-4f4c-bfdb-ea65872d4db2
46,INF,INF,VACCINE_PROJECT,INF,D,,46,2024-11-25 00:03:46.147,5bb9c19c-1f25-48be-a1cb-c1e95a0dac5d,993c4151-997c-4f4c-bfdb-ea65872d4db2
47,INF,INF,VACCINE_PROJECT,INF,O,,47,2024-11-25 00:03:46.837,5bb9c19c-1f25-48be-a1cb-c1e95a0dac5d,993c4151-997c-4f4c-bfdb-ea65872d4db2
48,INF,INF,VACCINE_PROJECT,INF,R,,48,2024-11-25 00:03:47.478,5bb9c19c-1f25-48be-a1cb-c1e95a0dac5d,993c4151-997c-4f4c-bfdb-ea65872d4db2
49,TECH,TECH,VACCINE_PROJECT,TECH,D,,49,2024-11-25 00:03:48.141,5bb9c19c-1f25-48be-a1cb-c1e95a0dac5d,993c4151-997c-4f4c-bfdb-ea65872d4db2
50,TECH,TECH,VACCINE_PROJECT,TECH,O,,50,2024-11-25 00:03:48.732,5bb9c19c-1f25-48be-a1cb-c1e95a0dac5d,993c4151-997c-4f4c-bfdb-ea65872d4db2
51,TECH,TECH,VACCINE_PROJECT,TECH,R,,51,2024-11-25 00:03:49.455,5bb9c19c-1f25-48be-a1cb-c1e95a0dac5d,993c4151-997c-4f4c-bfdb-ea65872d4db2
52,VITA,VITA,VACCINE_PROJECT,VITA,D,,52,2024-11-25 00:03:50.144,5bb9c19c-1f25-48be-a1cb-c1e95a0dac5d,993c4151-997c-4f4c-bfdb-ea65872d4db2
53,VITA,VITA,VACCINE_PROJECT,VITA,O,,53,2024-11-25 00:03:51.006,5bb9c19c-1f25-48be-a1cb-c1e95a0dac5d,993c4151-997c-4f4c-bfdb-ea65872d4db2
54,VITA,VITA,VACCINE_PROJECT,VITA,R,,54,2024-11-25 00:03:51.600,5bb9c19c-1f25-48be-a1cb-c1e95a0dac5d,993c4151-997c-4f4c-bfdb-ea65872d4db2
55,CPP,CPP,VACCINE_PROJECT,CPP,D,,55,2024-11-25 00:03:52.278,5bb9c19c-1f25-48be-a1cb-c1e95a0dac5d,993c4151-997c-4f4c-bfdb-ea65872d4db2
56,CPP,CPP,VACCINE_PROJECT,CPP,O,,56,2024-11-25 00:03:52.873,5bb9c19c-1f25-48be-a1cb-c1e95a0dac5d,993c4151-997c-4f4c-bfdb-ea65872d4db2
57,CPP,CPP,VACCINE_PROJECT,CPP,R,,57,2024-11-25 00:03:53.571,5bb9c19c-1f25-48be-a1cb-c1e95a0dac5d,993c4151-997c-4f4c-bfdb-ea65872d4db2
58,GRP,GRP,VACCINE_PROJECT,GRP,D,,58,2024-11-25 00:03:54.382,5bb9c19c-1f25-48be-a1cb-c1e95a0dac5d,993c4151-997c-4f4c-bfdb-ea65872d4db2
59,GRP,GRP,VACCINE_PROJECT,GRP,O,,59,2024-11-25 00:03:54.986,5bb9c19c-1f25-48be-a1cb-c1e95a0dac5d,993c4151-997c-4f4c-bfdb-ea65872d4db2
60,GRP,GRP,VACCINE_PROJECT,GRP,R,,60,2024-11-25 00:03:55.634,5bb9c19c-1f25-48be-a1cb-c1e95a0dac5d,993c4151-997c-4f4c-bfdb-ea65872d4db2
61,NPA,NPA,VACCINE_PROJECT,NPA,D,,61,2024-11-25 00:03:56.207,5bb9c19c-1f25-48be-a1cb-c1e95a0dac5d,993c4151-997c-4f4c-bfdb-ea65872d4db2
62,NPA,NPA,VACCINE_PROJECT,NPA,O,,62,2024-11-25 00:03:56.917,5bb9c19c-1f25-48be-a1cb-c1e95a0dac5d,993c4151-997c-4f4c-bfdb-ea65872d4db2
63,NPA,NPA,VACCINE_PROJECT,NPA,R,,63,2024-11-25 00:03:57.565,5bb9c19c-1f25-48be-a1cb-c1e95a0dac5d,993c4151-997c-4f4c-bfdb-ea65872d4db2
64,PLC,PLC,VACCINE_PROJECT,PLC,D,,64,2024-11-25 00:03:58.275,5bb9c19c-1f25-48be-a1cb-c1e95a0dac5d,993c4151-997c-4f4c-bfdb-ea65872d4db2
65,PLC,PLC,VACCINE_PROJECT,PLC,O,,65,2024-11-25 00:03:58.884,5bb9c19c-1f25-48be-a1cb-c1e95a0dac5d,993c4151-997c-4f4c-bfdb-ea65872d4db2
66,PLC,PLC,VACCINE_PROJECT,PLC,R,,66,2024-11-25 00:03:59.625,5bb9c19c-1f25-48be-a1cb-c1e95a0dac5d,993c4151-997c-4f4c-bfdb-ea65872d4db2
67,PPI,PPI,VACCINE_PROJECT,PPI,D,,67,2024-11-25 00:04:00.205,5bb9c19c-1f25-48be-a1cb-c1e95a0dac5d,993c4151-997c-4f4c-bfdb-ea65872d4db2
68,PPI,PPI,VACCINE_PROJECT,PPI,O,,68,2024-11-25 00:04:00.974,5bb9c19c-1f25-48be-a1cb-c1e95a0dac5d,993c4151-997c-4f4c-bfdb-ea65872d4db2
69,PPI,PPI,VACCINE_PROJECT,PPI,R,,69,2024-11-25 00:04:01.559,5bb9c19c-1f25-48be-a1cb-c1e95a0dac5d,993c4151-997c-4f4c-bfdb-ea65872d4db2
70,PPP,PPP,VACCINE_PROJECT,PPP,D,,70,2024-11-25 00:04:02.325,5bb9c19c-1f25-48be-a1cb-c1e95a0dac5d,993c4151-997c-4f4c-bfdb-ea65872d4db2
71,PPP,PPP,VACCINE_PROJECT,PPP,O,,71,2024-11-25 00:04:02.965,5bb9c19c-1f25-48be-a1cb-c1e95a0dac5d,993c4151-997c-4f4c-bfdb-ea65872d4db2
72,PPP,PPP,VACCINE_PROJECT,PPP,R,,72,2024-11-25 00:04:03.594,5bb9c19c-1f25-48be-a1cb-c1e95a0dac5d,993c4151-997c-4f4c-bfdb-ea65872d4db2
